SNO,SN,Movie,Worldwide,India Net,India Gross,Overseas,Budget,Verdict
0,1,Pathaan,10500000000,5240000000,6570000000,3920000000,2500000000,All Time Blockbuster
1,2,Baahubali 2 The Conclusion,17880000000,5100000000,14160000000,3710000000,2500000000,All Time Blockbuster
2,3,KGF Chapter 2,12080000000,4350000000,10000000000,2070000000,1000000000,All Time Blockbuster
3,4,Dangal,20700000000,3740000000,5350000000,15350000000,700000000,All Time Blockbuster
4,5,Sanju,5880000000,3420000000,4380000000,1500000000,1000000000,All Time Blockbuster
5,6,PK,7920000000,3400000000,4890000000,3030000000,850000000,All Time Blockbuster
6,7,Tiger Zinda Hai,5580000000,3390000000,4330000000,1240000000,2100000000,Blockbuster
7,8,Bajrangi Bhaijaan,9220000000,3200000000,4320000000,4890000000,900000000,All Time Blockbuster
8,9,War,4710000000,3030000000,3750000000,960000000,1500000000,Blockbuster
9,10,Padmaavat,5850000000,3020000000,4000000000,1850000000,2150000000,Blockbuster
10,11,Sultan,6270000000,3000000000,4210000000,2060000000,800000000,Blockbuster
11,12,Kabir Singh,3770000000,2780000000,3300000000,470000000,550000000,All Time Blockbuster
12,13,Tanhaji: The Unsung Warrior,3610000000,2770000000,3250000000,360000000,1500000000,Blockbuster
13,14,RRR,12300000000,2720000000,9150000000,3140000000,5500000000,Blockbuster
14,15,Dhoom 3,5580000000,2710000000,3720000000,1860000000,1750000000,All Time Blockbuster
15,16,The Kashmir Files,3410000000,2520000000,2950000000,460000000,200000000,All Time Blockbuster
16,17,Brahmastra Part One: Shiva,4310000000,2490000000,3180000000,1130000000,3500000000,Hit
17,18,URI The Surgical Strike,3410000000,2440000000,2930000000,480000000,700000000,All Time Blockbuster
18,19,Simmba,3900000000,2400000000,2950000000,950000000,900000000,Blockbuster
19,20,Drishyam 2,3420000000,2390000000,2820000000,590000000,500000000,All Time Blockbuster
20,21,Kick,3780000000,2310000000,3100000000,680000000,1000000000,SuperHit
21,22,Krrish 3,3740000000,2310000000,3130000000,610000000,940000000,Blockbuster
22,23,Chennai Express,4220000000,2270000000,3100000000,1120000000,1150000000,SuperHit
23,24,Bharat,3210000000,2120000000,2510000000,700000000,1650000000,Hit
24,25,Housefull 4,2960000000,2100000000,2470000000,490000000,1750000000,SuperHit
25,26,Prem Ratan Dhan Payo,4050000000,2100000000,3100000000,950000000,1800000000,SuperHit
26,27,Golmaal Again,3080000000,2050000000,2620000000,450000000,800000000,Blockbuster
27,28,Good Newwz,3160000000,2050000000,2420000000,740000000,600000000,Blockbuster
28,29,Mission Mangal,2900000000,2030000000,2360000000,540000000,400000000,Blockbuster
29,30,3 Idiots,4600000000,2020000000,2740000000,1860000000,550000000,All Time Blockbuster
30,31,Happy New Year,3970000000,1990000000,2950000000,1020000000,1500000000,Hit
31,32,Ek Tha Tiger,3200000000,1980000000,2630000000,570000000,750000000,Blockbuster
32,33,Sooryavanshi,2930000000,1950000000,2300000000,620000000,1800000000,SuperHit
33,34,2,7440000000,1900000000,5510000000,1930000000,5430000000,Average
34,35,Yeh Jawaani Hai Deewani,3180000000,1880000000,2420000000,760000000,750000000,Blockbuster
35,36,Bhool Bhulaiyaa 2,2650000000,1840000000,2160000000,490000000,800000000,Blockbuster
36,37,Bajirao Mastani,3620000000,1840000000,2630000000,990000000,1450000000,Hit
37,38,Bang Bang!,3400000000,1740000000,2700000000,700000000,1600000000,Hit
38,39,Race 3,3000000000,1690000000,2170000000,830000000,1700000000,Average
39,40,Baaghi 2,2570000000,1650000000,2110000000,450000000,750000000,Blockbuster
40,41,Raees,2850000000,1640000000,2270000000,570000000,920000000,Hit
41,42,Kesari,2080000000,1550000000,1830000000,250000000,1000000000,Hit
42,43,Total Dhamaal,2320000000,1550000000,1830000000,480000000,1050000000,SuperHit
43,44,Dabangg 2,2650000000,1550000000,2260000000,390000000,840000000,Blockbuster
44,45,Chhichhore,2110000000,1530000000,1800000000,310000000,700000000,Blockbuster
45,46,Tanu Weds Manu Returns,2580000000,1500000000,2140000000,440000000,390000000,Blockbuster
46,47,Bodyguard,2300000000,1480000000,1890000000,410000000,600000000,Blockbuster
47,48,Dilwale,3880000000,1480000000,2120000000,1760000000,1650000000,Average
48,49,Super 30,2100000000,1470000000,1710000000,390000000,600000000,SuperHit
49,50,Tu Jhoothi Main Makkar,2230000000,1470000000,1750000000,480000000,700000000,Hit
50,51,Dabangg 3,2180000000,1460000000,1780000000,400000000,900000000,Average
51,52,Saaho,4510000000,1450000000,3590000000,920000000,3500000000,Below Average
52,53,Thugs Of Hindostan,3270000000,1450000000,1940000000,1330000000,3000000000,Disaster
53,54,Dream Girl,1950000000,1410000000,1630000000,320000000,300000000,SuperHit
54,55,Singham Returns,2160000000,1400000000,2000000000,160000000,1050000000,SuperHit
55,56,Dabangg,2150000000,1400000000,2070000000,70000000,420000000,Blockbuster
56,57,Gully Boy,2350000000,1390000000,1640000000,710000000,600000000,SuperHit
57,58,Judwaa 2,2270000000,1380000000,1920000000,350000000,650000000,SuperHit
58,59,Badhaai Ho,2200000000,1370000000,1760000000,440000000,230000000,Blockbuster
59,60,The Kerala Story,1640000000,1350000000,1610000000,30000000,150000000,Blockbuster
60,61,Toilet Ek Prem Katha,3160000000,1340000000,1860000000,1300000000,180000000,SuperHit
61,62,Rowdy Rathore,1980000000,1330000000,1720000000,260000000,450000000,Blockbuster
62,63,M.S. Dhoni: The Untold Story,2150000000,1330000000,1840000000,300000000,1040000000,Hit
63,64,Gangubai Kathiawadi,2110000000,1310000000,1550000000,560000000,1800000000,Hit
64,65,Stree,1820000000,1290000000,1670000000,150000000,300000000,Blockbuster
65,66,Airlift,2280000000,1280000000,1830000000,450000000,300000000,SuperHit
66,67,Avatar: The Way of Water,173800000000,1270000000,4770000000,169020000000,32000000000,Blockbuster
67,68,Rustom,2160000000,1270000000,1770000000,390000000,500000000,SuperHit
68,69,Raazi,1950000000,1230000000,1580000000,370000000,370000000,Blockbuster
69,70,Ready,1850000000,1200000000,1530000000,310000000,400000000,Blockbuster
70,71,Jab Tak Hai Jaan,2350000000,1200000000,1670000000,670000000,500000000,SuperHit
71,72,Tubelight,2110000000,1190000000,1650000000,450000000,1000000000,Average
72,73,Baahubali,6500000000,1180000000,5160000000,1340000000,1800000000,Blockbuster
73,74,Agneepath,1950000000,1180000000,1590000000,360000000,710000000,SuperHit
74,75,Badrinath Ki Dulhania,2010000000,1170000000,1620000000,380000000,440000000,SuperHit
75,76,Goliyon Ki Rasleela Ram-Leela,2180000000,1170000000,1580000000,590000000,880000000,Hit
76,77,Jai Ho,1860000000,1170000000,1500000000,360000000,650000000,Hit
77,78,Jolly LLB 2,1970000000,1170000000,1620000000,340000000,300000000,SuperHit
78,79,Avengers End Game,189700000000,1160000000,4450000000,133350000000,25000000000,All Time Blockbuster
79,80,Bala,1620000000,1160000000,1350000000,270000000,350000000,SuperHit
80,81,Ra.One,2060000000,1160000000,1560000000,490000000,1300000000,Below Average
81,82,Ghajini,1940000000,1140000000,1570000000,360000000,520000000,Blockbuster
82,83,Ae Dil Hai Mushkil,2400000000,1130000000,1580000000,820000000,700000000,SuperHit
83,84,Holiday,1780000000,1120000000,1530000000,240000000,500000000,SuperHit
84,85,Barfi!,1750000000,1120000000,1450000000,300000000,400000000,SuperHit
85,86,Housefull 2,1880000000,1120000000,1510000000,360000000,720000000,SuperHit
86,87,Housefull 3,1850000000,1100000000,1540000000,310000000,850000000,Hit
87,88,Gold,1580000000,1090000000,1410000000,170000000,750000000,Hit
88,89,Kisi Ka Bhai Kisi Ki Jaan,1820000000,1090000000,1300000000,520000000,1000000000,Below Average
89,90,Sonu Ke Titu Ki Sweety,1560000000,1080000000,1390000000,170000000,400000000,Blockbuster
90,91,Bhaag Milkha Bhaag,1680000000,1080000000,1460000000,210000000,300000000,SuperHit
91,92,Don 2: The Chase Continues,2100000000,1080000000,1440000000,650000000,760000000,Hit
92,93,Golmaal 3,1620000000,1060000000,1430000000,180000000,400000000,Blockbuster
93,94,Pushpa: The Rise (Part 1),3500000000,1060000000,3130000000,360000000,1500000000,SuperHit
94,95,ABCD 2,1660000000,1060000000,1460000000,190000000,650000000,SuperHit
95,96,Ek Villain,1550000000,1050000000,1420000000,120000000,390000000,SuperHit
96,97,Son Of Sardaar,1500000000,1050000000,1410000000,80000000,400000000,SuperHit
97,98,Kaabil,1780000000,1040000000,1450000000,320000000,350000000,Hit
98,99,De De Pyaar De,1390000000,1040000000,1130000000,260000000,750000000,Hit
99,100,83,1930000000,1040000000,1290000000,640000000,2200000000,Disaster
100,101,Bol Bachchan,1750000000,1030000000,1440000000,300000000,650000000,Hit
101,102,Raid,1540000000,1030000000,1320000000,220000000,350000000,SuperHit
102,103,2 States,1730000000,1020000000,1420000000,300000000,500000000,SuperHit
103,104,Grand Masti,1450000000,1020000000,1300000000,140000000,350000000,SuperHit
104,105,Race 2,1620000000,1010000000,1310000000,300000000,850000000,Hit
105,106,Singham,1510000000,1000000000,1300000000,200000000,520000000,SuperHit
106,107,Shivaay,1470000000,1000000000,1380000000,80000000,1000000000,Below Average
107,108,Batla House,1270000000,990000000,1160000000,110000000,500000000,Hit
108,109,Zero,1780000000,960000000,1200000000,570000000,2000000000,Disaster
109,110,Welcome Back,1680000000,960000000,1300000000,380000000,900000000,Average
110,111,Baaghi 3,1370000000,960000000,1140000000,230000000,1000000000,Below Average
111,112,Baby,1420000000,950000000,1290000000,130000000,590000000,Hit
112,113,Manikarnika: The Queen of Jhansi,1420000000,940000000,1160000000,250000000,1010000000,Average
113,114,Luka Chuppi,1280000000,940000000,1110000000,170000000,200000000,SuperHit
114,115,Raajneeti,1450000000,930000000,1260000000,190000000,600000000,SuperHit
115,116,Talaash,1750000000,930000000,1210000000,530000000,600000000,Hit
116,117,Satyameva Jayate,1210000000,900000000,1160000000,50000000,450000000,Hit
117,118,Bholaa,1230000000,900000000,1080000000,150000000,1000000000,Average
118,119,Singh Is Bliing,1460000000,900000000,1200000000,260000000,760000000,Average
119,120,Zindagi Na Milegi Dobara,1530000000,890000000,1210000000,310000000,550000000,Hit
120,121,Badla,1400000000,880000000,1040000000,360000000,200000000,SuperHit
121,122,Gabbar is Back,1350000000,870000000,1180000000,170000000,720000000,Hit
122,123,Rab Ne Bana Di Jodi,1510000000,850000000,1140000000,360000000,350000000,Blockbuster
123,124,Kantara,4070000000,840000000,3630000000,440000000,160000000,All Time Blockbuster
124,125,Kalank,1460000000,840000000,990000000,470000000,1500000000,Flop
125,126,Pati Patni Aur Woh,1090000000,840000000,990000000,100000000,400000000,Hit
126,127,JugJugg Jeeyo,1370000000,840000000,990000000,380000000,1000000000,Above Average
127,128,Fan,1820000000,840000000,1130000000,690000000,850000000,Average
128,129,My Name Is Khan,2240000000,820000000,1110000000,1120000000,850000000,Hit
129,130,Brothers,1400000000,820000000,1140000000,250000000,1050000000,Average
130,131,Padman,2050000000,810000000,1050000000,1000000000,200000000,SuperHit
131,132,Oh My God,1490000000,810000000,1090000000,400000000,200000000,Blockbuster
132,133,Veere Di Wedding,1400000000,810000000,1050000000,350000000,300000000,SuperHit
133,134,Sairat,1100000000,800000000,1040000000,60000000,40000000,Blockbuster
134,135,Dhoom 2,1470000000,800000000,1090000000,380000000,350000000,Blockbuster
135,136,Fukrey Returns,1120000000,800000000,1080000000,40000000,220000000,SuperHit
136,137,The Dirty Picture,1160000000,790000000,1070000000,80000000,280000000,SuperHit
137,138,Piku,1410000000,790000000,1070000000,340000000,400000000,Hit
138,139,Sui Dhaaga - Made In India,1240000000,790000000,1000000000,240000000,400000000,Hit
139,140,Vikram Vedha,1350000000,780000000,930000000,420000000,1500000000,Below Average
140,141,Gunday,1300000000,780000000,1060000000,240000000,510000000,Hit
141,142,Om Shanti Om,1480000000,780000000,1050000000,420000000,380000000,Blockbuster
142,143,Baadshaho,1230000000,780000000,1080000000,150000000,850000000,Flop
143,144,Aashiqui 2,1090000000,780000000,1050000000,30000000,150000000,Blockbuster
144,145,Dil Dhadakne Do,1500000000,760000000,1060000000,430000000,830000000,Below Average
145,146,Humpty Sharma Ki Dulhania,1190000000,760000000,1060000000,120000000,330000000,Hit
146,147,Gadar: Ek Prem Katha,1320000000,760000000,1270000000,50000000,180000000,All Time Blockbuster
147,148,Baaghi,1250000000,760000000,1020000000,230000000,370000000,Hit
148,149,Housefull,1190000000,750000000,1020000000,160000000,450000000,SuperHit
149,150,Neerja,1200000000,750000000,1010000000,180000000,250000000,SuperHit
150,151,Lage Raho Munna Bhai,1240000000,740000000,1000000000,240000000,220000000,Blockbuster
151,152,Ram Setu,960000000,740000000,890000000,70000000,1500000000,Below Average
152,153,Andhadhun,4380000000,740000000,950000000,3430000000,170000000,SuperHit
153,154,Dhadak,1130000000,740000000,950000000,180000000,300000000,Hit
154,155,Street Dancer 3D,1020000000,730000000,870000000,150000000,1000000000,Below Average
155,156,Kapoor & Sons,1430000000,730000000,980000000,440000000,350000000,Hit
156,157,Hum Aapke Hain Koun..!,1280000000,720000000,1170000000,110000000,60000000,All Time Blockbuster
157,158,Entertainment,1040000000,720000000,970000000,60000000,800000000,Flop
158,159,Krrish,1210000000,710000000,1000000000,200000000,350000000,Blockbuster
159,160,Cocktail,1210000000,710000000,960000000,250000000,450000000,Hit
160,161,Student Of The Year 2,950000000,700000000,840000000,110000000,750000000,Below Average
161,162,Khiladi 786,970000000,700000000,940000000,20000000,350000000,SuperHit
162,163,Welcome,1190000000,700000000,940000000,240000000,480000000,SuperHit
163,164,Dishoom,1190000000,700000000,940000000,250000000,550000000,Average
164,165,Student Of The Year,960000000,700000000,920000000,40000000,590000000,Hit
165,166,Raaz 3,990000000,690000000,940000000,40000000,280000000,SuperHit
166,167,Hindi Medium,3340000000,690000000,960000000,2370000000,230000000,SuperHit
167,168,Bhediya,960000000,680000000,810000000,150000000,600000000,Average
168,169,Kedarnath,960000000,680000000,850000000,110000000,500000000,Hit
169,170,Dear Zindagi,1360000000,680000000,920000000,430000000,300000000,Hit
170,171,Singh Is Kinng,1220000000,670000000,940000000,280000000,500000000,SuperHit
171,172,Chak De India,1090000000,670000000,910000000,170000000,200000000,SuperHit
172,173,Tamasha,1360000000,670000000,870000000,490000000,870000000,Flop
173,174,Drishyam,1100000000,670000000,900000000,190000000,480000000,Hit
174,175,Special 26,1030000000,660000000,900000000,120000000,450000000,Hit
175,176,Love Aaj Kal,1170000000,660000000,860000000,310000000,500000000,Hit
176,177,Article 15,940000000,660000000,790000000,150000000,250000000,SuperHit
177,178,R... Rajkumar,1000000000,650000000,880000000,110000000,560000000,Average
178,179,Samrat Prithviraj,850000000,650000000,770000000,80000000,2200000000,Disaster
179,180,Parmanu The Story Of Pokhran,910000000,650000000,840000000,70000000,450000000,Hit
180,181,Pink,1040000000,650000000,880000000,150000000,230000000,Hit
181,182,Jab Harry Met Sejal,1110000000,640000000,890000000,210000000,10000000,0
182,183,Pyaar Ka Punchnama 2,880000000,640000000,860000000,10000000,220000000,SuperHit
183,184,Ajab Prem Ki Ghazab Kahani,1010000000,640000000,830000000,180000000,250000000,SuperHit
184,185,Satyagraha,910000000,630000000,860000000,40000000,600000000,Average
185,186,Humshakals,1030000000,630000000,850000000,170000000,640000000,Below Average
186,187,Secret Superstar,9120000000,630000000,810000000,8310000000,150000000,SuperHit
187,188,Taare Zameen Par,980000000,620000000,830000000,150000000,120000000,SuperHit
188,189,Shubh Mangal Zyada Saavdhan,830000000,620000000,730000000,100000000,350000000,Average
189,190,Rockstar,1080000000,610000000,830000000,250000000,600000000,Average
190,191,Laal Singh Chaddha,1330000000,610000000,720000000,610000000,1800000000,Disaster
191,192,Once Upon Ay Time In Mumbai Dobaara!,910000000,610000000,820000000,90000000,750000000,Flop
192,193,Tees Maar Khan,1000000000,600000000,820000000,170000000,350000000,Hit
193,194,Queen,930000000,600000000,820000000,100000000,200000000,SuperHit
194,195,Wanted,870000000,600000000,810000000,50000000,500000000,Hit
195,196,Race,1030000000,600000000,840000000,180000000,450000000,Hit
196,197,Udta Punjab,970000000,600000000,830000000,130000000,470000000,Hit
197,198,Half Girlfriend,970000000,600000000,810000000,160000000,580000000,Average
198,199,Befikre,990000000,600000000,830000000,150000000,640000000,Below Average
199,200,Raanjhanaa,930000000,600000000,810000000,120000000,300000000,Hit
200,201,Partner,990000000,600000000,830000000,160000000,280000000,SuperHit
201,202,Besharam,950000000,590000000,800000000,140000000,830000000,Flop
202,203,Malang,800000000,590000000,700000000,100000000,500000000,Above Average
203,204,Shootout at Wadala,830000000,580000000,790000000,40000000,450000000,Above Average
204,205,Mere Brother Ki Dulhan,940000000,580000000,780000000,150000000,280000000,Hit
205,206,Mohenjo Daro,1070000000,580000000,780000000,290000000,1200000000,Flop
206,207,Action Jackson,880000000,570000000,780000000,100000000,800000000,Flop
207,208,Mary Kom,910000000,560000000,760000000,150000000,300000000,Hit
208,209,Haider,790000000,550000000,750000000,30000000,450000000,Above Average
209,210,Jodhaa Akbar,1060000000,550000000,750000000,310000000,450000000,Above Average
210,211,Mubarakan,930000000,550000000,760000000,160000000,630000000,Flop
211,212,Once Upon a Time in Mumbaai,850000000,550000000,740000000,100000000,360000000,Hit
212,213,Jaane Tu... Ya Jaane Na,820000000,550000000,740000000,70000000,150000000,SuperHit
213,214,Yamla Pagla Deewana,880000000,550000000,740000000,140000000,280000000,Hit
214,215,Kabhi Khushi Kabhie Gham,1190000000,540000000,770000000,420000000,400000000,Blockbuster
215,216,Boss,840000000,540000000,730000000,110000000,700000000,Flop
216,217,Phantom,840000000,540000000,730000000,110000000,700000000,Flop
217,218,Jagga Jasoos,830000000,540000000,750000000,80000000,1250000000,Flop
218,219,Dilwale Dulhania Le Jayenge,1020000000,530000000,890000000,130000000,40000000,All Time Blockbuster
219,220,Rang De Basanti,960000000,520000000,740000000,220000000,280000000,Hit
220,221,Heropanti,750000000,520000000,710000000,40000000,250000000,Hit
221,222,Ki & Ka,990000000,520000000,700000000,280000000,300000000,Hit
222,223,102 Not Out,1150000000,520000000,670000000,480000000,340000000,Hit
223,224,Fanaa,1020000000,510000000,700000000,320000000,300000000,SuperHit
224,225,Hate Story 3,750000000,510000000,690000000,50000000,200000000,Hit
225,226,Delhi Belly,870000000,510000000,690000000,170000000,230000000,Hit
226,227,Kahaani,790000000,510000000,690000000,90000000,150000000,Hit
227,228,Golmaal Returns,820000000,510000000,690000000,120000000,350000000,SuperHit
228,229,Main Tera Hero,770000000,500000000,680000000,80000000,400000000,Hit
229,230,Sachin A Billion Dreams,700000000,500000000,650000000,50000000,390000000,Average
230,231,Sachin: A Billion Dreams,700000000,500000000,650000000,50000000,390000000,Average
231,232,Bachchhan Paandey,700000000,500000000,590000000,100000000,1650000000,Disaster
232,233,Don: The Chase Begins Again,1040000000,500000000,670000000,360000000,350000000,Hit
233,234,Badlapur,780000000,500000000,670000000,110000000,200000000,Hit
234,235,Kis Kisko Pyaar Karoon,720000000,490000000,670000000,40000000,180000000,Hit
235,236,Spider-Man: No Way Home,101700000000,490000000,2610000000,56400000000,15000000000,0
236,237,Kai Po Che!,740000000,490000000,660000000,70000000,300000000,Hit
237,238,Bhool Bhulaiyaa,820000000,490000000,680000000,140000000,320000000,SuperHit
238,239,Kites,870000000,490000000,660000000,210000000,650000000,Flop
239,240,Raksha Bandhan,680000000,480000000,570000000,110000000,700000000,Below Average
240,241,De Dana Dan,810000000,480000000,640000000,170000000,600000000,Average
241,242,Marjaavaan,620000000,480000000,550000000,60000000,500000000,Average
242,243,Murder 2,670000000,470000000,640000000,30000000,130000000,SuperHit
243,244,Himmatwala,650000000,470000000,640000000,10000000,680000000,Flop
244,245,Mardaani 2,670000000,470000000,570000000,100000000,300000000,Hit
245,246,Heyy Babyy,830000000,470000000,630000000,200000000,300000000,Hit
246,247,Kambakkht Ishq,850000000,470000000,630000000,220000000,500000000,Average
247,248,Koi... Mil Gaya,800000000,460000000,700000000,90000000,280000000,SuperHit
248,249,Kuch Kuch Hota Hai,910000000,460000000,630000000,270000000,140000000,All Time Blockbuster
249,250,Ragini MMS 2,620000000,460000000,610000000,0,180000000,Hit
250,251,Thank You,720000000,460000000,620000000,90000000,600000000,Flop
251,252,Shuddh Desi Romance,750000000,460000000,620000000,120000000,250000000,Hit
252,253,Hichki,2360000000,450000000,590000000,1770000000,200000000,Hit
253,254,October,670000000,450000000,590000000,80000000,400000000,Hit
254,255,Veer,650000000,450000000,610000000,40000000,550000000,Below Average
255,256,Ishaqzaade,610000000,450000000,610000000,0,160000000,Hit
256,257,Guru,820000000,450000000,610000000,210000000,220000000,Hit
257,258,New York,750000000,450000000,580000000,160000000,220000000,SuperHit
258,259,Kyaa Super Kool Hai Hum,640000000,440000000,600000000,30000000,190000000,Hit
259,260,Kabhi Alvida Naa Kehna,1110000000,440000000,600000000,500000000,450000000,Average
260,261,No Entry,730000000,440000000,620000000,100000000,220000000,SuperHit
261,262,Roy,560000000,440000000,520000000,30000000,500000000,Flop
262,263,K.G.F : Chapter 1,2370000000,440000000,2270000000,100000000,800000000,Blockbuster
263,264,ABCD: Any Body Can Dance,610000000,440000000,570000000,30000000,200000000,Hit
264,265,Dostana,810000000,440000000,590000000,220000000,400000000,Average
265,266,Double Dhamaal,710000000,440000000,590000000,110000000,300000000,Hit
266,267,Kaho Naa... Pyaar Hai,780000000,440000000,730000000,50000000,100000000,Blockbuster
267,268,Heroine,700000000,430000000,580000000,120000000,350000000,Average
268,269,Ek Villain Returns,600000000,430000000,510000000,90000000,720000000,0
269,270,Raja Hindustani,760000000,430000000,600000000,150000000,60000000,All Time Blockbuster
270,271,Agent Vinod,710000000,430000000,560000000,140000000,550000000,Flop
271,272,Shaandaar,730000000,430000000,590000000,130000000,690000000,Flop
272,273,I Hate Luv Storys,720000000,420000000,580000000,140000000,240000000,Hit
273,274,Romeo Akbar Walter,580000000,420000000,500000000,70000000,350000000,Above Average
274,275,Shubh Mangal Saavdhan,640000000,420000000,590000000,40000000,250000000,Hit
275,276,Madras Cafe,660000000,420000000,570000000,90000000,340000000,Average
276,277,Desi Boyz,800000000,420000000,570000000,220000000,540000000,Flop
277,278,Veer-Zaara,950000000,420000000,570000000,380000000,220000000,SuperHit
278,279,Jannat 2,620000000,420000000,570000000,50000000,230000000,Hit
279,280,Mohabbatein,760000000,410000000,560000000,200000000,190000000,Blockbuster
280,281,Devdas,900000000,410000000,560000000,340000000,300000000,Hit
281,282,All The Best: Fun Begins,580000000,410000000,530000000,40000000,400000000,Average
282,283,Kaminey,700000000,410000000,550000000,140000000,330000000,Above Average
283,284,Chashme Baddoor,590000000,410000000,550000000,30000000,220000000,Hit
284,285,Pagalpanti,510000000,410000000,470000000,40000000,600000000,Flop
285,286,Atithi Tum Kab Jaoge?,570000000,410000000,550000000,10000000,200000000,Hit
286,287,Wazir,780000000,410000000,550000000,230000000,350000000,Average
287,288,Batti Gul Meter Chalu,580000000,400000000,520000000,60000000,550000000,Flop
288,289,Phir Hera Pheri,690000000,400000000,550000000,140000000,180000000,SuperHit
289,290,Matru Ki Bijlee Ka Mandola,620000000,400000000,540000000,70000000,430000000,Flop
290,291,Anjaana Anjaani,680000000,400000000,540000000,140000000,380000000,Average
291,292,Bhagam Bhag,670000000,400000000,540000000,130000000,320000000,Hit
292,293,Love Aaj Kal,570000000,400000000,470000000,100000000,600000000,Flop
293,294,Yaariyan,540000000,400000000,540000000,0,160000000,Hit
294,295,Shamshera,600000000,390000000,470000000,130000000,1500000000,Disaster
295,296,Aarakshan,640000000,390000000,530000000,100000000,450000000,Flop
296,297,Antim: The Final Truth,580000000,390000000,460000000,110000000,350000000,0
297,298,Ek Main Aur Ekk Tu,730000000,390000000,530000000,200000000,320000000,Average
298,299,Border,640000000,390000000,620000000,20000000,100000000,All Time Blockbuster
299,300,Bhoothnath Returns,580000000,390000000,520000000,50000000,320000000,Average
300,301,Tevar,560000000,390000000,520000000,30000000,450000000,Flop
301,302,Hum Saath-Saath Hain: We Stand United,800000000,390000000,650000000,150000000,170000000,Blockbuster
302,303,Kal Ho Naa Ho,820000000,380000000,520000000,290000000,280000000,Hit
303,304,Khatta Meetha,620000000,380000000,520000000,100000000,350000000,Average
304,305,Blue,630000000,380000000,520000000,110000000,750000000,Flop
305,306,Cirkus,600000000,380000000,450000000,150000000,700000000,Flop
306,307,A Flying Jatt,560000000,380000000,520000000,40000000,450000000,Flop
307,308,Ta Ra Rum Pum,680000000,380000000,510000000,160000000,280000000,Above Average
308,309,Hasee Toh Phasee,630000000,370000000,510000000,110000000,250000000,Average
309,310,Main Hoon Na,700000000,370000000,500000000,200000000,250000000,Hit
310,311,MOM,650000000,370000000,510000000,130000000,350000000,Average
311,312,Namastey London,710000000,370000000,510000000,190000000,210000000,SuperHit
312,313,Shaadi Ke Side Effects,690000000,370000000,500000000,190000000,410000000,Flop
313,314,Naam Shabana,550000000,360000000,480000000,70000000,250000000,Above Average
314,315,Tanu Weds Manu,530000000,360000000,490000000,40000000,200000000,Hit
315,316,Bachna Ae Haseeno,620000000,360000000,470000000,150000000,230000000,Hit
316,317,Phata Poster Nikla Hero,630000000,360000000,490000000,140000000,400000000,Flop
317,318,Thank God,480000000,360000000,420000000,60000000,700000000,Flop
318,319,Fukrey,500000000,360000000,480000000,10000000,170000000,Hit
319,320,Mastizaade,510000000,360000000,480000000,20000000,300000000,Average
320,321,Bunty Aur Babli,620000000,360000000,500000000,120000000,120000000,SuperHit
321,322,Tumhari Sulu,500000000,360000000,460000000,40000000,170000000,Hit
322,323,Bullett Raja,530000000,360000000,480000000,40000000,510000000,Flop
323,324,Ramaiya Vastavaiya,500000000,360000000,480000000,10000000,380000000,Flop
324,325,Ghayal Once Again,570000000,350000000,480000000,90000000,500000000,Flop
325,326,Force 2,580000000,350000000,480000000,100000000,400000000,Flop
326,327,Mardaani,590000000,350000000,480000000,110000000,200000000,Hit
327,328,Finding Fanny,630000000,350000000,480000000,150000000,250000000,Average
328,329,Runway 34,500000000,350000000,410000000,90000000,600000000,Flop
329,330,Vicky Donor,540000000,350000000,470000000,60000000,100000000,Hit
330,331,Badmaash Company,500000000,340000000,470000000,30000000,200000000,Above Average
331,332,Chhapaak,550000000,340000000,400000000,150000000,500000000,Flop
332,333,Dil To Pagal Hai,580000000,340000000,470000000,110000000,90000000,Blockbuster
333,334,English Vinglish,830000000,340000000,460000000,370000000,200000000,Hit
334,335,Judgementall Hai Kya,490000000,340000000,410000000,80000000,350000000,Average
335,336,Hamari Adhuri Kahani,510000000,340000000,460000000,50000000,380000000,Below Average
336,337,Lagaan: Once Upon a Time in India,580000000,340000000,460000000,110000000,250000000,Hit
337,338,Bareilly Ki Barfi,580000000,340000000,470000000,100000000,200000000,Hit
338,339,Sarkar Raj,570000000,340000000,450000000,110000000,250000000,Average
339,340,Yamla Pagla Deewana 2,480000000,330000000,450000000,20000000,300000000,Average
340,341,Panipat,490000000,330000000,400000000,90000000,800000000,Disaster
341,342,Hero,490000000,330000000,450000000,30000000,320000000,Average
342,343,Bell Bottom,530000000,330000000,390000000,140000000,1800000000,Flop
343,344,Azhar,500000000,330000000,440000000,50000000,380000000,Flop
344,345,Kill Dil,580000000,330000000,440000000,130000000,400000000,Flop
345,346,Dhamaal,510000000,330000000,450000000,50000000,170000000,Hit
346,347,Kahaani 2,550000000,330000000,440000000,110000000,250000000,Average
347,348,Ladies vs Ricky Bahl,490000000,320000000,440000000,40000000,200000000,Average
348,349,Uunchai,480000000,320000000,380000000,90000000,450000000,Hit
349,350,Munna Michael,480000000,320000000,450000000,20000000,410000000,Flop
350,351,Ghanchakkar,470000000,320000000,440000000,20000000,290000000,Below Average
351,352,Jai Gangaajal,490000000,320000000,440000000,50000000,330000000,Below Average
352,353,Rascals,490000000,320000000,440000000,50000000,450000000,Flop
353,354,Jolly LLB,460000000,320000000,430000000,20000000,120000000,Hit
354,355,NH10,430000000,320000000,430000000,0,150000000,Hit
355,356,Soorma,470000000,320000000,410000000,60000000,320000000,Above Average
356,357,Commando 3,90000000,320000000,70000000,20000000,400000000,Above Average
357,358,Shehzada,470000000,320000000,370000000,100000000,650000000,Flop
358,359,Dhoom,480000000,310000000,420000000,60000000,110000000,SuperHit
359,360,Karthikeya 2,1170000000,310000000,1020000000,150000000,150000000,Blockbuster
360,361,Baar Baar Dekho,620000000,310000000,420000000,200000000,530000000,Flop
361,362,Vivah,480000000,310000000,430000000,40000000,80000000,Blockbuster
362,363,Patiala House,550000000,310000000,420000000,120000000,300000000,Flop
363,364,Bhoot Part One,390000000,310000000,360000000,30000000,500000000,Flop
364,365,Jab We Met,480000000,300000000,410000000,70000000,150000000,Hit
365,366,Highway,520000000,300000000,410000000,110000000,250000000,Average
366,367,Thappad,430000000,300000000,360000000,70000000,220000000,Average
367,368,Talvar,470000000,300000000,410000000,60000000,150000000,Hit
368,369,Delhi-6,500000000,300000000,390000000,100000000,400000000,Flop
369,370,Raaz Reboot,430000000,300000000,400000000,20000000,310000000,Flop
370,371,Peepli Live,470000000,300000000,400000000,60000000,120000000,Hit
371,372,Paa,460000000,300000000,400000000,60000000,180000000,Hit
372,373,Jism 2,420000000,300000000,400000000,10000000,110000000,Hit
373,374,Ittefaq,510000000,300000000,380000000,120000000,200000000,Average
374,375,Dum Laga Ke Haisha,420000000,300000000,400000000,20000000,120000000,Hit
375,376,Jannat,400000000,290000000,400000000,0,100000000,SuperHit
376,377,Thor: Love And Thunder,55500000000,290000000,1270000000,30500000000,19000000000,Hit
377,378,Golmaal: Fun Unlimited,460000000,290000000,390000000,60000000,110000000,SuperHit
378,379,Mausam,520000000,290000000,390000000,120000000,450000000,Flop
379,380,Shootout at Lokhandwala,440000000,290000000,390000000,40000000,170000000,Above Average
380,381,Tashan,510000000,290000000,390000000,110000000,310000000,Average
381,382,Chandni Chowk to China,530000000,290000000,370000000,150000000,650000000,Disaster
382,383,Mujhse Shaadi Karogi,550000000,290000000,390000000,160000000,190000000,Hit
383,384,Guzaarish,530000000,290000000,390000000,140000000,550000000,Disaster
384,385,Action Replayy,480000000,290000000,390000000,80000000,550000000,Flop
385,386,Garam Masala,540000000,290000000,390000000,150000000,170000000,Hit
386,387,Lootera,460000000,290000000,390000000,70000000,300000000,Flop
387,388,Dil Toh Baccha Hai Ji,400000000,280000000,390000000,10000000,270000000,Below Average
388,389,Ferrari Ki Sawaari,440000000,280000000,370000000,60000000,150000000,Hit
389,390,Happy Bhaag Jayegi,460000000,280000000,400000000,60000000,200000000,Hit
390,391,Akira,430000000,280000000,380000000,50000000,300000000,Flop
391,392,Pari,390000000,280000000,360000000,20000000,300000000,Above Average
392,393,Players,470000000,280000000,380000000,80000000,550000000,Disaster
393,394,London Dreams,450000000,280000000,380000000,60000000,450000000,Flop
394,395,PM Narendra Modi,350000000,280000000,330000000,10000000,200000000,Above Average
395,396,Doctor Strange In The Multiverse Of Madness,54000000000,280000000,1470000000,31000000000,15000000000,Average
396,397,Ishqiya,390000000,280000000,380000000,10000000,180000000,Hit
397,398,Baazaar,400000000,280000000,360000000,40000000,350000000,Below Average
398,399,Kyaa Kool Hain Hum 3,380000000,280000000,360000000,10000000,250000000,Average
399,400,Doctor G,440000000,270000000,330000000,110000000,250000000,0
400,401,No Problem,440000000,270000000,370000000,60000000,350000000,Flop
401,402,Manmarziyaan,410000000,270000000,350000000,60000000,300000000,Flop
402,403,Wake Up Sid,470000000,270000000,360000000,110000000,180000000,Hit
403,404,No One Killed Jessica,430000000,270000000,370000000,60000000,150000000,Hit
404,405,Mangal Pandey: The Rising,510000000,270000000,370000000,130000000,340000000,Flop
405,406,Sanam Re,390000000,270000000,370000000,10000000,250000000,Average
406,407,Panga,400000000,270000000,320000000,80000000,490000000,Flop
407,408,Dedh Ishqiya,430000000,270000000,360000000,60000000,350000000,Flop
408,409,Sarbjit,410000000,270000000,360000000,40000000,300000000,Flop
409,410,Force,400000000,270000000,360000000,30000000,280000000,Flop
410,411,Jawaani Jaaneman,420000000,270000000,320000000,90000000,400000000,0
411,412,Jhoom Barabar Jhoom,480000000,270000000,360000000,110000000,250000000,Below Average
412,413,Hate Story 2,360000000,260000000,360000000,0,150000000,Above Average
413,414,Detective Byomkesh Bakshy,430000000,260000000,360000000,70000000,350000000,Flop
414,415,Tadap,330000000,260000000,300000000,20000000,200000000,0
415,416,Malamaal Weekly,410000000,260000000,360000000,50000000,60000000,SuperHit
416,417,Raja Natwarlal,440000000,260000000,350000000,80000000,450000000,Disaster
417,418,Singh Saab The Great,380000000,260000000,350000000,20000000,350000000,Flop
418,419,Ek Paheli Leela,360000000,260000000,350000000,0,200000000,Average
419,420,Fashion,380000000,260000000,350000000,30000000,180000000,Above Average
420,421,The Hero: Love Story of a Spy,440000000,260000000,400000000,30000000,330000000,Below Average
421,422,Salaam Namaste,550000000,260000000,350000000,200000000,100000000,Hit
422,423,Khakee,450000000,250000000,340000000,100000000,260000000,Average
423,424,Karan Arjun,360000000,250000000,340000000,20000000,60000000,Blockbuster
424,425,Karthik Calling Karthik,380000000,250000000,340000000,30000000,200000000,Below Average
425,426,Raabta,390000000,250000000,350000000,30000000,450000000,Flop
426,427,Dhobi Ghat,0,250000000,0,0,10000000,0
427,428,Biwi No.1,490000000,250000000,430000000,60000000,120000000,SuperHit
428,429,Maine Pyaar Kyun Kiya?,450000000,250000000,350000000,100000000,150000000,Above Average
429,430,Ek Thi Daayan,400000000,250000000,340000000,50000000,240000000,Below Average
430,431,Teri Meri Kahaani,510000000,250000000,340000000,170000000,350000000,Flop
431,432,Haunted 3D 2011,340000000,250000000,340000000,0,130000000,Hit
432,433,F.A.L.T.U,340000000,250000000,340000000,0,180000000,Average
433,434,Raaz-The Mystery Continues 2009,360000000,250000000,320000000,30000000,150000000,Hit
434,435,Daawat-E-Ishq,340000000,250000000,340000000,0,300000000,Flop
435,436,Jazbaa,420000000,250000000,340000000,80000000,280000000,Flop
436,437,Rock On!!,350000000,250000000,330000000,10000000,160000000,Hit
437,438,Commando 2,390000000,250000000,330000000,50000000,260000000,Flop
438,439,Rocky Handsome,350000000,250000000,330000000,10000000,400000000,Flop
439,440,Gangs of Wasseypur,330000000,250000000,330000000,0,200000000,Average
440,441,Go Goa Gone,380000000,240000000,330000000,40000000,190000000,Flop
441,442,Jaan-E-Mann,450000000,240000000,330000000,120000000,250000000,Below Average
442,443,Ishq,450000000,240000000,420000000,20000000,110000000,SuperHit
443,444,Junglee,320000000,240000000,290000000,30000000,500000000,Flop
444,445,Hum Dil De Chuke Sanam,510000000,240000000,330000000,170000000,160000000,Hit
445,446,Sarkar,380000000,240000000,330000000,40000000,130000000,Above Average
446,447,Katti Batti,420000000,240000000,330000000,90000000,300000000,Flop
447,448,Mr. X,370000000,240000000,330000000,30000000,350000000,Flop
448,449,Khoobsurat,530000000,240000000,330000000,200000000,180000000,Average
449,450,Indian,410000000,240000000,400000000,10000000,130000000,Hit
450,451,Enthiran,2910000000,240000000,2160000000,750000000,1320000000,All Time Blockbuster
451,452,D Day,390000000,230000000,320000000,70000000,260000000,Flop
452,453,Bombay Velvet,430000000,230000000,310000000,110000000,1150000000,Disaster
453,454,Saand Ki Aankh,310000000,230000000,280000000,30000000,200000000,Above Average
454,455,Bhoothnath,370000000,230000000,310000000,50000000,200000000,Average
455,456,OK Jaanu,390000000,230000000,320000000,60000000,270000000,Flop
456,457,Lakshya,400000000,230000000,320000000,70000000,300000000,Flop
457,458,Dil Bole Hadippa!,430000000,230000000,310000000,110000000,250000000,Flop
458,459,Thackeray,500000000,230000000,460000000,40000000,400000000,Above Average
459,460,Dus,370000000,230000000,310000000,60000000,210000000,Average
460,461,Omkara,410000000,230000000,310000000,100000000,250000000,Flop
461,462,Black,390000000,230000000,320000000,70000000,200000000,Average
462,463,Munna Bhai M.B.B.S.,340000000,220000000,310000000,30000000,100000000,Hit
463,464,Ponniyin Selvan - Part 1,4880000000,220000000,3130000000,1750000000,2500000000,All Time Blockbuster
464,465,36 China Town,360000000,220000000,300000000,50000000,180000000,Above Average
465,466,Mission Kashmir,420000000,220000000,370000000,40000000,200000000,Average
466,467,Salaam-e-Ishq: A Tribute to Love,510000000,220000000,310000000,200000000,350000000,Disaster
467,468,Pardes,400000000,220000000,340000000,60000000,80000000,SuperHit
468,469,Billu,460000000,220000000,290000000,160000000,240000000,Below Average
469,470,Kismat Konnection,370000000,220000000,300000000,70000000,250000000,Flop
470,471,1920 - Evil Returns,300000000,220000000,300000000,0,80000000,Above Average
471,472,Mere Baap Pehle Aap,350000000,220000000,300000000,50000000,180000000,Below Average
472,473,Joker,320000000,220000000,300000000,10000000,470000000,Disaster
473,474,Murder 3,330000000,220000000,300000000,20000000,150000000,Below Average
474,475,Ek Ladki Ko Dekha Toh Aisa Laga,440000000,220000000,260000000,180000000,500000000,Flop
475,476,Mrs Chatterjee Vs Norway,370000000,220000000,260000000,110000000,200000000,Hit
476,477,Chandigarh Kare Aashiqui,300000000,220000000,240000000,50000000,400000000,0
477,478,Saawariya,390000000,220000000,270000000,120000000,450000000,Disaster
478,479,Shamitabh,370000000,220000000,300000000,70000000,400000000,Disaster
479,480,Hate Story 4,310000000,220000000,290000000,20000000,150000000,Hit
480,481,Taal,500000000,220000000,340000000,150000000,150000000,Hit
481,482,Aurangzeb,340000000,220000000,290000000,50000000,220000000,Flop
482,483,Rocketry: The Nambi Effect,450000000,220000000,400000000,50000000,10000000,0
483,484,Happy Phirr Bhag Jayegi,310000000,210000000,280000000,30000000,300000000,Flop
484,485,Roohi,280000000,210000000,250000000,30000000,250000000,Average
485,486,Apne,380000000,210000000,290000000,90000000,180000000,Average
486,487,Black Adam,29850000000,210000000,570000000,29270000000,15000000000,0
487,488,Jurassic World: Dominion,40000000000,210000000,740000000,27000000000,10000000,0
488,489,Gangs Of Wasseypur 2,310000000,210000000,290000000,20000000,180000000,Flop
489,490,"Saheb, Biwi Aur Gangster Returns",290000000,210000000,290000000,0,190000000,Below Average
490,491,Black Panther: Wakanda Forever,66340000000,210000000,870000000,65460000000,12500000000,Hit
491,492,Nautanki Saala,320000000,210000000,290000000,30000000,150000000,Average
492,493,Pyaar To Hona Hi Tha,310000000,210000000,290000000,10000000,70000000,SuperHit
493,494,Heropanti 2,280000000,210000000,250000000,20000000,800000000,Disaster
494,495,Hum Tum,410000000,210000000,300000000,110000000,80000000,Hit
495,496,Raaz,350000000,210000000,340000000,0,50000000,Blockbuster
496,497,Soldier,370000000,210000000,350000000,20000000,80000000,SuperHit
497,498,Commando-A One Man Army,280000000,210000000,280000000,0,170000000,Average
498,499,Mulk,300000000,200000000,270000000,30000000,180000000,Above Average
499,500,Baghban,430000000,200000000,280000000,140000000,120000000,Hit
500,501,Luck,330000000,200000000,280000000,50000000,350000000,Flop
501,502,Rangoon,390000000,200000000,280000000,110000000,600000000,Disaster
502,503,U Me Aur Hum,390000000,200000000,270000000,110000000,250000000,Flop
503,504,A Gentleman,380000000,200000000,280000000,90000000,650000000,Disaster
504,505,Newton,280000000,200000000,280000000,0,150000000,Average
505,506,Jersey,260000000,200000000,220000000,30000000,600000000,Disaster
506,507,Life Partner,320000000,200000000,270000000,40000000,190000000,Below Average
507,508,Blackmail,300000000,200000000,270000000,30000000,200000000,Above Average
508,509,Rangeela,330000000,200000000,320000000,0,50000000,Blockbuster
509,510,Karwaan,290000000,200000000,260000000,30000000,200000000,Average
510,511,The Ghazi Attack,340000000,200000000,270000000,70000000,160000000,Average
511,512,Dil Chahta Hai,380000000,200000000,320000000,60000000,130000000,Above Average
512,513,Rocket Singh: Salesman of the Year,330000000,200000000,260000000,70000000,160000000,Above Average
513,514,Kaante,410000000,200000000,320000000,90000000,280000000,Below Average
514,515,Masti,340000000,200000000,270000000,60000000,100000000,Hit
515,516,Waqt: The Race Against Time,420000000,200000000,290000000,130000000,160000000,Average
516,517,The Accidental Prime Minister,260000000,200000000,240000000,20000000,250000000,Flop
517,518,The Sky Is Pink,280000000,200000000,230000000,50000000,240000000,Flop
518,519,Kidnap,330000000,200000000,270000000,60000000,270000000,Flop
519,520,Raja,330000000,200000000,320000000,10000000,40000000,Blockbuster
520,521,The Lunchbox,1000000000,200000000,270000000,730000000,220000000,Average
521,522,Sunday,310000000,200000000,270000000,40000000,200000000,Below Average
522,523,Hulchul,310000000,200000000,280000000,30000000,100000000,Hit
523,524,Tere Naal Love Ho Gaya,310000000,190000000,260000000,40000000,130000000,Average
524,525,Badhaai Do,230000000,190000000,200000000,30000000,300000000,Disaster
525,526,Taxi No. 9211,310000000,190000000,260000000,50000000,100000000,Above Average
526,527,Krazzy 4,310000000,190000000,260000000,50000000,160000000,Average
527,528,Chance Pe Dance,290000000,190000000,260000000,30000000,260000000,Flop
528,529,Agni Sakshi,310000000,190000000,300000000,0,40000000,Blockbuster
529,530,Radhe Shyam,1440000000,190000000,1170000000,260000000,3500000000,Disaster
530,531,Ungli,290000000,190000000,260000000,30000000,350000000,Disaster
531,532,Fitoor,390000000,190000000,260000000,130000000,700000000,Disaster
532,533,Chalte Chalte,400000000,190000000,260000000,140000000,110000000,Hit
533,534,Alone,290000000,190000000,250000000,30000000,180000000,Below Average
534,535,Lipstick Under My Burkha,260000000,190000000,250000000,0,60000000,Hit
535,536,Te3n,330000000,190000000,250000000,80000000,340000000,Flop
536,537,Dolly Ki Doli,280000000,190000000,250000000,20000000,180000000,Below Average
537,538,Bade Miyan Chote Miyan,350000000,190000000,320000000,20000000,100000000,Hit
538,539,Barsaat,330000000,190000000,320000000,10000000,80000000,SuperHit
539,540,Kaal,320000000,180000000,250000000,60000000,110000000,Average
540,541,Dulhan Hum Le Jayenge,360000000,180000000,310000000,50000000,110000000,Hit
541,542,Jabariya Jodi,250000000,180000000,220000000,30000000,300000000,Flop
542,543,Hum Kisise Kum Nahin,290000000,180000000,260000000,20000000,180000000,Below Average
543,544,Sarfarosh,290000000,180000000,250000000,40000000,80000000,Hit
544,545,Jodi No.1,340000000,180000000,310000000,20000000,100000000,Hit
545,546,Liger,560000000,180000000,480000000,70000000,1250000000,Disaster
546,547,Chori Chori Chupke Chupke,370000000,180000000,310000000,60000000,100000000,Hit
547,548,Madaari,280000000,180000000,240000000,40000000,200000000,Flop
548,549,Ziddi,320000000,180000000,310000000,0,70000000,SuperHit
549,550,Bluffmaster!,310000000,180000000,240000000,70000000,80000000,Above Average
550,551,Gupt: The Hidden Truth,330000000,180000000,310000000,10000000,90000000,Hit
551,552,Pyaar Kiya To Darna Kya,330000000,180000000,250000000,80000000,80000000,SuperHit
552,553,Jayeshbhai Jordaar,170000000,170000000,210000000,30000000,10000000,Disaster
553,554,Begum Jaan,0,170000000,0,0,10000000,0
554,555,Josh,340000000,170000000,280000000,50000000,150000000,Average
555,556,Fool n Final,270000000,170000000,230000000,30000000,230000000,Flop
556,557,Main Prem Ki Diwani Hoon,380000000,170000000,270000000,110000000,210000000,Flop
557,558,Creature,250000000,170000000,230000000,10000000,250000000,Flop
558,559,Break Ke Baad,290000000,170000000,230000000,50000000,190000000,Flop
559,560,Aankhen,290000000,170000000,230000000,50000000,150000000,Average
560,561,7 Khoon Maaf,270000000,170000000,230000000,30000000,210000000,Flop
561,562,Qayamat: City Under Threat,280000000,170000000,230000000,40000000,160000000,Average
562,563,Attack - Part 1,220000000,170000000,180000000,30000000,550000000,Flop
563,564,Laaga Chunari Mein Daag,350000000,170000000,230000000,120000000,150000000,Below Average
564,565,Simran,270000000,170000000,230000000,30000000,10000000,0
565,566,Baabul,380000000,170000000,230000000,150000000,220000000,Flop
566,567,Mujhe Kucch Kehna Hai,290000000,170000000,280000000,10000000,70000000,SuperHit
567,568,Cheeni Kum,310000000,170000000,230000000,80000000,110000000,Above Average
568,569,Band Baaja Baaraat,300000000,170000000,230000000,60000000,130000000,Average
569,570,Ajnabee,310000000,170000000,230000000,80000000,170000000,Average
570,571,Selfiee,240000000,170000000,200000000,40000000,1000000000,Disaster
571,572,Aiyaary,300000000,170000000,210000000,80000000,650000000,Flop
572,573,Refugee,340000000,170000000,270000000,60000000,140000000,Average
573,574,Bombay Talkies,0,170000000,0,0,10000000,0
574,575,Hero No. 1,300000000,170000000,300000000,0,60000000,SuperHit
575,576,Section 375,220000000,170000000,200000000,20000000,200000000,Below Average
576,577,Bewafaa,300000000,160000000,220000000,70000000,180000000,Average
577,578,Hum Aapke Dil Mein Rehte Hain,360000000,160000000,280000000,70000000,60000000,SuperHit
578,579,Qarib Qarib Singlle,240000000,160000000,220000000,10000000,150000000,Average
579,580,Yuvvraaj,280000000,160000000,220000000,60000000,450000000,Disaster
580,581,Do Knot Disturb,270000000,160000000,220000000,50000000,280000000,Flop
581,582,Parineeta,300000000,160000000,220000000,70000000,160000000,Below Average
582,583,Mumbai Saga,220000000,160000000,190000000,20000000,400000000,Flop
583,584,Jeet,280000000,160000000,270000000,10000000,60000000,SuperHit
584,585,Humraaz,280000000,160000000,260000000,20000000,140000000,Average
585,586,The Tashkent Files,200000000,160000000,190000000,0,80000000,SuperHit
586,587,Awara Paagal Deewana,270000000,160000000,210000000,50000000,130000000,Average
587,588,Kachche Dhaage,280000000,160000000,270000000,10000000,100000000,Hit
588,589,Swades,330000000,160000000,220000000,110000000,200000000,Flop
589,590,1921,220000000,150000000,200000000,20000000,150000000,Above Average
590,591,Andaaz,280000000,150000000,210000000,70000000,80000000,Hit
591,592,All Is Well,230000000,150000000,210000000,10000000,280000000,Flop
592,593,Dhol,230000000,150000000,210000000,10000000,140000000,Average
593,594,Zilla Ghaziabad,220000000,150000000,210000000,10000000,340000000,Flop
594,595,Lajja,330000000,150000000,250000000,70000000,200000000,Flop
595,596,Life in a Metro,240000000,150000000,210000000,30000000,80000000,Above Average
596,597,Aitraaz,260000000,150000000,210000000,50000000,110000000,Average
597,598,Kyaa Kool Hai Hum,210000000,150000000,200000000,0,50000000,Hit
598,599,Ponniyin Selvan - Part 2,3190000000,150000000,2000000000,1190000000,10000000,Hit
599,600,Sholay,500000000,150000000,350000000,150000000,30000000,All Time Blockbuster
600,601,1920 London,220000000,150000000,200000000,20000000,150000000,Below Average
601,602,8 x 10 Tasveer,230000000,150000000,200000000,20000000,350000000,Disaster
602,603,Apaharan,220000000,150000000,210000000,0,100000000,Above Average
603,604,Tezz,260000000,150000000,200000000,50000000,520000000,Disaster
604,605,Har Dil Jo Pyar Karega,320000000,150000000,250000000,60000000,130000000,Average
605,606,Guardians of the Galaxy Vol. 3,43500000000,150000000,540000000,25950000000,10000000,0
606,607,Badal,250000000,150000000,250000000,0,100000000,Hit
607,608,Deewane Huye Paagal,260000000,150000000,200000000,60000000,200000000,Flop
608,609,Tere Naam,240000000,150000000,190000000,40000000,120000000,Average
609,610,Dev.D,190000000,150000000,190000000,0,110000000,Average
610,611,Saathiya,280000000,150000000,230000000,40000000,70000000,Hit
611,612,Ghatak,260000000,150000000,250000000,0,60000000,SuperHit
612,613,Mela,280000000,150000000,240000000,30000000,160000000,Flop
613,614,Zanjeer,220000000,150000000,200000000,20000000,450000000,Disaster
614,615,Haseena Maan Jaayegi,260000000,140000000,240000000,10000000,90000000,Hit
615,616,Saala Khadoos,210000000,140000000,200000000,0,200000000,Flop
616,617,Murder,210000000,140000000,200000000,0,50000000,SuperHit
617,618,Baadshah,310000000,140000000,240000000,70000000,100000000,Above Average
618,619,Koyla,270000000,140000000,250000000,20000000,120000000,Average
619,620,Jhund,230000000,140000000,170000000,50000000,10000000,Average
620,621,Freaky Ali,210000000,140000000,190000000,10000000,180000000,Flop
621,622,Hamara Dil Aapke Paas Hai,290000000,140000000,230000000,50000000,80000000,Hit
622,623,Fiza,310000000,140000000,230000000,70000000,50000000,Hit
623,624,Gulaab Gang,220000000,140000000,190000000,30000000,270000000,Flop
624,625,Khiladiyon Ka Khiladi,250000000,140000000,190000000,50000000,60000000,SuperHit
625,626,Maine Pyar Kiya,270000000,140000000,230000000,40000000,40000000,All Time Blockbuster
626,627,Bhoot,210000000,140000000,200000000,10000000,60000000,Hit
627,628,Apna Sapna Money Money,190000000,140000000,190000000,0,80000000,Above Average
628,629,Humko Deewana Kar Gaye,270000000,140000000,190000000,80000000,170000000,Flop
629,630,Satyameva Jayate 2,150000000,140000000,120000000,20000000,600000000,0
630,631,Yuva,230000000,140000000,190000000,30000000,110000000,Below Average
631,632,Satya,180000000,140000000,180000000,0,30000000,SuperHit
632,633,Teraa Surroor,200000000,140000000,180000000,10000000,150000000,Average
633,634,Dhadkan,260000000,140000000,180000000,70000000,90000000,Average
634,635,Hindustan Ki Kasam,260000000,130000000,180000000,70000000,120000000,Average
635,636,Bewakoofiyaan,210000000,130000000,180000000,30000000,190000000,Flop
636,637,Judaai,270000000,130000000,240000000,30000000,60000000,SuperHit
637,638,Bandit Queen,200000000,130000000,200000000,0,30000000,SuperHit
638,639,Hum Tumhare Hain Sanam,310000000,130000000,180000000,120000000,120000000,Average
639,640,Ant-Man and the Wasp: Quantumania,38900000000,130000000,550000000,21550000000,15000000000,Average
640,641,Khamoshiyan: Silences Have Secrets,190000000,130000000,180000000,0,110000000,Average
641,642,Dhan Dhana Dhan Goal,210000000,130000000,180000000,20000000,180000000,Flop
642,643,Great Grand Masti,200000000,130000000,180000000,10000000,380000000,Disaster
643,644,Saajan Chale Sasural,230000000,130000000,230000000,0,40000000,SuperHit
644,645,Company,230000000,130000000,210000000,20000000,80000000,Above Average
645,646,Chup Chup Ke,240000000,130000000,180000000,60000000,100000000,Average
646,647,Aankhen,180000000,130000000,180000000,0,20000000,All Time Blockbuster
647,648,Deewana Mastana,240000000,130000000,230000000,10000000,70000000,Hit
648,649,Hunterrr,180000000,130000000,180000000,0,90000000,Average
649,650,Hate Story,170000000,130000000,170000000,0,90000000,Average
650,651,Babumoshai Bandookbaaz,180000000,130000000,180000000,0,100000000,Average
651,652,Ghulam,230000000,130000000,210000000,10000000,70000000,Hit
652,653,India's Most Wanted,180000000,130000000,150000000,20000000,300000000,Disaster
653,654,Bbuddah...Hoga Terra Baap,210000000,130000000,170000000,30000000,200000000,Flop
654,655,Maa Tujhhe Salaam,210000000,130000000,210000000,0,120000000,Average
655,656,Judwaa,230000000,130000000,170000000,50000000,60000000,Hit
656,657,Paheli,310000000,130000000,180000000,130000000,140000000,Below Average
657,658,Shaadi Mein Zaroor Aana,170000000,130000000,160000000,0,130000000,Below Average
658,659,Major Saab,220000000,120000000,200000000,10000000,80000000,Hit
659,660,Major,580000000,120000000,450000000,130000000,300000000,SuperHit
660,661,Ujda Chaman,160000000,120000000,150000000,10000000,200000000,Flop
661,662,Khuda Haafiz Chapter II,150000000,120000000,130000000,20000000,10000000,0
662,663,Phone Bhoot,170000000,120000000,150000000,20000000,250000000,0
663,664,Mujhse Dosti Karoge!,320000000,120000000,200000000,120000000,110000000,Below Average
664,665,China Gate,220000000,120000000,210000000,0,90000000,Above Average
665,666,Halla Bol,190000000,120000000,170000000,20000000,200000000,Flop
666,667,Dulhe Raja,210000000,120000000,210000000,0,50000000,SuperHit
667,668,Kyon Ki,220000000,120000000,170000000,50000000,200000000,Flop
668,669,Gangster,160000000,120000000,160000000,0,50000000,Above Average
669,670,Coolie No. 1,210000000,120000000,200000000,0,30000000,SuperHit
670,671,Manjhi - The Mountain Man,160000000,120000000,160000000,0,80000000,Average
671,672,God Tussi Great Ho,200000000,120000000,170000000,30000000,210000000,Flop
672,673,Heroes,230000000,120000000,160000000,60000000,180000000,Flop
673,674,Hungama,180000000,120000000,170000000,10000000,60000000,Above Average
674,675,Hera Pheri,210000000,120000000,160000000,40000000,70000000,Hit
675,676,Made In China,160000000,120000000,140000000,10000000,250000000,Flop
676,677,Mere Dad Ki Maruti,170000000,120000000,160000000,0,100000000,Below Average
677,678,Kya Kehna,210000000,120000000,190000000,10000000,40000000,SuperHit
678,679,Mohra,220000000,120000000,160000000,60000000,30000000,Blockbuster
679,680,Khalnayak,210000000,120000000,210000000,0,50000000,SuperHit
680,681,Bandhan,210000000,110000000,200000000,0,50000000,Hit
681,682,Bunty Aur Babli 2,200000000,110000000,140000000,60000000,300000000,0
682,683,Paan Singh Tomar,170000000,110000000,160000000,10000000,70000000,Average
683,684,Yamla Pagla Deewana Phir Se,170000000,110000000,140000000,20000000,300000000,Disaster
684,685,Fanney Khan,190000000,110000000,140000000,40000000,180000000,Flop
685,686,Pyare Mohan,180000000,110000000,150000000,20000000,120000000,Flop
686,687,Chup,190000000,110000000,130000000,50000000,250000000,Flop
687,688,Ek Aur Ek Gyarah,190000000,110000000,160000000,30000000,80000000,Below Average
688,689,Ab Tumhare Hawale Watan Saathiyo,190000000,110000000,150000000,30000000,200000000,Flop
689,690,Bobby Jasoos,200000000,110000000,150000000,40000000,240000000,Flop
690,691,Chal Mere Bhai,210000000,110000000,180000000,20000000,130000000,Flop
691,692,Beta,210000000,110000000,210000000,0,40000000,Blockbuster
692,693,A Wednesday!,150000000,110000000,150000000,0,30000000,Hit
693,694,Loveyatri,180000000,110000000,150000000,20000000,220000000,Flop
694,695,Asoka,270000000,110000000,190000000,80000000,120000000,Below Average
695,696,Arjun Pandit,310000000,110000000,240000000,70000000,90000000,Average
696,697,Deewangee,170000000,110000000,150000000,10000000,90000000,Average
697,698,Vaastav: The Reality,190000000,110000000,190000000,0,50000000,Hit
698,699,Chachi 420,200000000,110000000,190000000,0,40000000,Hit
699,700,An Action Hero,160000000,110000000,130000000,30000000,300000000,Flop
700,701,Poster Boys,140000000,110000000,140000000,0,180000000,Flop
701,702,Daag: The Fire,200000000,110000000,180000000,10000000,60000000,Hit
702,703,Virasat,200000000,110000000,190000000,10000000,50000000,Hit
703,704,Lucknow Central,160000000,110000000,150000000,10000000,10000000,0
704,705,Yes Boss,220000000,110000000,190000000,30000000,50000000,Hit
705,706,Hadh Kar Di Aapne,190000000,110000000,170000000,10000000,70000000,Above Average
706,707,Vikrant Rona,1000000000,110000000,940000000,50000000,950000000,0
707,708,Sye Raa Narasimha Reddy,2460000000,110000000,2160000000,300000000,2750000000,Below Average
708,709,Kurukshetra,180000000,110000000,170000000,10000000,80000000,Average
709,710,Why Cheat India,140000000,100000000,130000000,10000000,250000000,Disaster
710,711,Darr,210000000,100000000,190000000,10000000,30000000,Blockbuster
711,712,Zameen,160000000,100000000,150000000,10000000,100000000,Below Average
712,713,Jaani Dushman: Ek Anokhi Kahani,190000000,100000000,140000000,40000000,180000000,Flop
713,714,Jhootha Hi Sahi,160000000,100000000,140000000,20000000,350000000,Disaster
714,715,Table No. 21,170000000,100000000,140000000,30000000,80000000,Below Average
715,716,Guest iin London,110000000,100000000,110000000,0,280000000,Disaster
716,717,Jaanwar,180000000,100000000,140000000,40000000,60000000,Hit
717,718,Dil Se..,240000000,100000000,140000000,90000000,80000000,Hit
718,719,Kunwara,190000000,100000000,180000000,10000000,90000000,Below Average
719,720,Phir Bhi Dil Hai Hindustani,240000000,100000000,170000000,70000000,130000000,Flop
720,721,Nayak: The Real Hero,190000000,100000000,170000000,20000000,200000000,Flop
721,722,Tumko Na Bhool Paayenge,190000000,100000000,170000000,20000000,120000000,Flop
722,723,Rock On 2,170000000,100000000,140000000,30000000,400000000,Disaster
723,724,Bichhoo,170000000,100000000,170000000,0,70000000,Above Average
724,725,John Wick: Chapter 4,30500000000,100000000,610000000,16350000000,9000000000,Hit
725,726,Hello Brother,200000000,100000000,170000000,20000000,90000000,Below Average
726,727,Mirzya,150000000,100000000,140000000,0,450000000,Disaster
727,728,Gangaajal,160000000,100000000,140000000,20000000,70000000,Average
728,729,Wajah Tum Ho,140000000,100000000,140000000,0,140000000,Flop
729,730,Albela,180000000,100000000,170000000,10000000,100000000,Below Average
730,731,Mukkabaaz,0,100000000,0,0,100000000,Above Average
731,732,Bhoomi (film),140000000,100000000,140000000,0,250000000,Disaster
732,733,1920,130000000,100000000,130000000,0,60000000,Average
733,734,Paltan,140000000,100000000,130000000,10000000,250000000,Flop
734,735,Revolver Rani,130000000,100000000,130000000,0,220000000,Flop
735,736,Bheja Fry 2,170000000,100000000,130000000,30000000,90000000,Average
736,737,Vikram,4140000000,100000000,2890000000,1250000000,1200000000,All Time Blockbuster
737,738,Firangi,160000000,100000000,130000000,20000000,250000000,Flop
738,739,Angrezi Medium,150000000,100000000,120000000,30000000,10000000,0
739,740,Saheb Biwi Aur Gangster,140000000,100000000,130000000,0,50000000,Hit
740,741,Tumbbad,130000000,100000000,130000000,0,10000000,Flop
741,742,Pataakha,130000000,100000000,130000000,0,200000000,Flop
742,743,Anari No.1,170000000,100000000,170000000,0,60000000,Hit
743,744,Hogi Pyaar Ki Jeet,140000000,100000000,130000000,0,60000000,Hit
744,745,Shaadi Se Pehle,150000000,100000000,130000000,20000000,100000000,Flop
745,746,Fida,160000000,100000000,150000000,10000000,100000000,Below Average
746,747,Tera Jadoo Chal Gayaa,180000000,90000000,160000000,20000000,80000000,Average
747,748,Ragini MMS,130000000,90000000,130000000,0,50000000,Above Average
748,749,Love Sex aur Dhokha,120000000,90000000,120000000,0,40000000,Above Average
749,750,Jaan,170000000,90000000,160000000,0,40000000,SuperHit
750,751,Phoonk,130000000,90000000,130000000,0,40000000,Hit
751,752,Welcome to Sajjanpur,130000000,90000000,130000000,0,80000000,Average
752,753,Sabse Bada Khiladi,160000000,90000000,120000000,30000000,40000000,Hit
753,754,Saajan,180000000,90000000,180000000,0,40000000,SuperHit
754,755,Aap Mujhe Achche Lagne Lage,190000000,90000000,140000000,40000000,100000000,Flop
755,756,Mr. and Mrs. Khiladi,130000000,90000000,120000000,0,50000000,Hit
756,757,Aan: Men at Work,140000000,90000000,120000000,10000000,150000000,Disaster
757,758,Aksar 2,120000000,90000000,110000000,0,90000000,Flop
758,759,Krantiveer,140000000,90000000,140000000,0,20000000,Blockbuster
759,760,Sanam Teri Kasam,150000000,90000000,120000000,20000000,180000000,Flop
760,761,Diljale,150000000,90000000,120000000,30000000,50000000,Hit
761,762,Ajay,160000000,90000000,160000000,0,60000000,Average
762,763,Anek,90000000,90000000,100000000,10000000,10000000,Disaster
763,764,Julie,130000000,90000000,120000000,0,50000000,Above Average
764,765,Namaste England,120000000,90000000,110000000,0,500000000,Disaster
765,766,Pyar ka Punchnama,170000000,90000000,120000000,50000000,90000000,Average
766,767,Pal Pal Dil Ke Paas,120000000,90000000,100000000,20000000,300000000,Disaster
767,768,Drona,180000000,80000000,130000000,40000000,350000000,Disaster
768,769,Haan Maine Bhi Pyaar Kiya,190000000,80000000,120000000,70000000,110000000,Flop
769,770,Bhai,140000000,80000000,130000000,10000000,50000000,Hit
770,771,International Khiladi,160000000,80000000,110000000,40000000,70000000,Average
771,772,HIT  The First Case,80000000,80000000,100000000,10000000,10000000,0
772,773,Dil Kya Kare,180000000,80000000,140000000,40000000,90000000,Flop
773,774,Banjo,130000000,80000000,110000000,10000000,200000000,Flop
774,775,Bheja Fry,110000000,80000000,110000000,0,10000000,Hit
775,776,Tujhe Meri Kasam,120000000,80000000,120000000,0,30000000,Above Average
776,777,Arjun Patiala,120000000,80000000,100000000,20000000,250000000,Disaster
777,778,Guddu Rangeela,130000000,80000000,110000000,10000000,150000000,Disaster
778,779,Dosti: Friends Forever,220000000,80000000,110000000,100000000,150000000,Flop
779,780,Luv Shuv Tey Chicken Khurana,120000000,80000000,110000000,10000000,110000000,Flop
780,781,Ghayal,200000000,80000000,160000000,40000000,20000000,Blockbuster
781,782,Saudagar,150000000,80000000,150000000,0,50000000,Hit
782,783,Godfather,1070000000,80000000,870000000,200000000,1000000000,Flop
783,784,Ram Jaane 1995,150000000,80000000,140000000,0,30000000,Hit
784,785,Trimurti,140000000,80000000,130000000,10000000,100000000,Flop
785,786,Khoobsurat,150000000,80000000,140000000,0,60000000,Above Average
786,787,Aksar,110000000,80000000,110000000,0,40000000,Above Average
787,788,Dhaai Akshar Prem Ke,160000000,80000000,120000000,30000000,80000000,Flop
788,789,Shikara,110000000,80000000,100000000,10000000,250000000,Flop
789,790,Rashtra Kavach: OM,40000000,80000000,90000000,10000000,10000000,0
790,791,Sita Ramam,940000000,80000000,770000000,170000000,250000000,Blockbuster
791,792,B.A. Pass,110000000,80000000,110000000,0,60000000,Average
792,793,Mere Yaar Ki Shaadi Hai,150000000,80000000,120000000,20000000,50000000,Above Average
793,794,Welcome 2 Karachi,130000000,80000000,110000000,20000000,250000000,Disaster
794,795,Daddy,110000000,80000000,110000000,0,10000000,0
795,796,Mard,160000000,80000000,160000000,0,10000000,Blockbuster
796,797,Raja Babu,150000000,80000000,150000000,0,20000000,SuperHit
797,798,Haseena Parkar,110000000,80000000,110000000,0,150000000,Disaster
798,799,Jism,120000000,70000000,120000000,0,30000000,Hit
799,800,Varisu,2970000000,70000000,2080000000,890000000,2000000000,SuperHit
800,801,Tango Charlie,120000000,70000000,110000000,10000000,140000000,Flop
801,802,Main Khiladi Tu Anari,130000000,70000000,100000000,30000000,30000000,Hit
802,803,Talaash: The Hunt Begins...,140000000,70000000,100000000,40000000,90000000,Flop
803,804,Ram Gopal Varma Ki Aag,130000000,70000000,110000000,20000000,200000000,Disaster
804,805,Kyo Kii Main Jhuth Nahin Bolta,130000000,70000000,120000000,0,80000000,Below Average
805,806,Eternals,13000000000,70000000,320000000,6700000000,15000000000,0
806,807,Gumraah,90000000,70000000,80000000,0,250000000,Flop
807,808,Ishq Vishk,100000000,70000000,100000000,0,50000000,Hit
808,809,Yeh Raaste Hain Pyaar Ke,140000000,70000000,120000000,20000000,80000000,Below Average
809,810,Prem Granth,130000000,70000000,120000000,0,50000000,Average
810,811,Tere Mere Sapne,130000000,70000000,130000000,0,30000000,Hit
811,812,Dus Kahaniyaan,120000000,70000000,100000000,20000000,200000000,Disaster
812,813,Kaalakaandi,0,70000000,0,0,250000000,Flop
813,814,One Two Three,0,70000000,0,0,10000000,0
814,815,Kya Yehi Pyaar Hai,120000000,70000000,110000000,0,50000000,Average
815,816,777 Charlie,1020000000,70000000,960000000,50000000,150000000,Blockbuster
816,817,Joru Ka Ghulam,120000000,70000000,110000000,0,50000000,Average
817,818,Jis Desh Mein Ganga Rehta Hain,120000000,70000000,120000000,0,70000000,Below Average
818,819,Road,120000000,70000000,110000000,0,50000000,Average
819,820,IB 71,90000000,70000000,80000000,10000000,10000000,0
820,821,Bank Chor,100000000,70000000,100000000,0,150000000,Flop
821,822,The Legend of Bhagat Singh,110000000,70000000,100000000,0,180000000,Disaster
822,823,Baazigar,130000000,70000000,130000000,0,20000000,SuperHit
823,824,Main Aurr Mrs Khanna,140000000,70000000,90000000,40000000,280000000,Disaster
824,825,Zeher,100000000,70000000,90000000,0,50000000,Average
825,826,Deewana,130000000,70000000,130000000,0,40000000,Hit
826,827,Amar Akbar Anthony,0,70000000,0,0,10000000,Blockbuster
827,828,Godzilla vs. Kong,25000000000,70000000,550000000,19000000000,13000000000,Hit
828,829,Shang-Chi and the Legend of the Ten Rings,9300000000,70000000,120000000,4100000000,11500000000,0
829,830,Aap Ki Khatir,140000000,70000000,110000000,30000000,150000000,Flop
830,831,Raman Raghav 2.0,100000000,70000000,90000000,10000000,100000000,Flop
831,832,Jaal: The Trap,110000000,70000000,100000000,0,100000000,Flop
832,833,Dil,170000000,70000000,120000000,50000000,20000000,Blockbuster
833,834,Knock Out,100000000,60000000,90000000,0,250000000,Disaster
834,835,Laadla,120000000,60000000,120000000,0,30000000,Hit
835,836,Kalyug,90000000,60000000,90000000,0,40000000,Above Average
836,837,Chocolate,100000000,60000000,90000000,0,90000000,Flop
837,838,Akele Hum Akele Tum,120000000,60000000,110000000,0,40000000,Below Average
838,839,Suhaag,120000000,60000000,110000000,0,30000000,Hit
839,840,Khamoshi: The Musical,140000000,60000000,110000000,20000000,60000000,Flop
840,841,Venom: Let There Be Carnage,14600000000,60000000,30000000,3400000000,8200000000,0
841,842,Goodbye,100000000,60000000,80000000,20000000,250000000,Flop
842,843,Prassthanam,100000000,60000000,80000000,20000000,400000000,Disaster
843,844,Sapoot,120000000,60000000,100000000,20000000,50000000,Average
844,845,Jeena Sirf Merre Liye,120000000,60000000,100000000,10000000,80000000,Flop
845,846,Deewane,120000000,60000000,100000000,10000000,80000000,Flop
846,847,Armaan,130000000,60000000,90000000,40000000,80000000,Flop
847,848,Dil Ne Jise Apna Kahaa,120000000,60000000,90000000,30000000,100000000,Flop
848,849,Sonchiriya,80000000,60000000,70000000,0,300000000,Disaster
849,850,Kahin Pyaar Na Ho Jaaye,130000000,60000000,110000000,20000000,80000000,Flop
850,851,Sooryavansham,120000000,60000000,110000000,10000000,70000000,Flop
851,852,Bhaiaji Superhit,80000000,60000000,80000000,0,400000000,Disaster
852,853,Daraar,100000000,60000000,100000000,0,50000000,Below Average
853,854,Army,110000000,60000000,100000000,0,40000000,Average
854,855,Vijaypath,110000000,60000000,80000000,20000000,20000000,SuperHit
855,856,Blank,80000000,60000000,70000000,10000000,300000000,Disaster
856,857,Chef,100000000,60000000,80000000,10000000,130000000,Disaster
857,858,Calendar Girls,80000000,60000000,80000000,0,120000000,Flop
858,859,Dilwale,120000000,60000000,80000000,30000000,20000000,SuperHit
859,860,Maharaja,100000000,60000000,90000000,0,50000000,Average
860,861,Tezaab,160000000,60000000,110000000,50000000,10000000,Blockbuster
861,862,Haqeeqat,100000000,60000000,100000000,0,40000000,Average
862,863,Damini  Lightning,110000000,60000000,110000000,0,20000000,Hit
863,864,Phool Aur Kaante,110000000,60000000,110000000,0,20000000,SuperHit
864,865,Sadak,100000000,60000000,100000000,0,30000000,SuperHit
865,866,Yeh Dil Aashiqanaa,90000000,60000000,90000000,0,40000000,Average
866,867,Pyaar Impossible!,90000000,60000000,80000000,0,120000000,Flop
867,868,Top Gun: Maverick,122500000000,50000000,510000000,121990000000,13000000000,Hit
868,869,Genius,70000000,50000000,70000000,0,300000000,Disaster
869,870,Sangharsh,100000000,50000000,70000000,20000000,40000000,Average
870,871,Jung,100000000,50000000,90000000,10000000,40000000,Above Average
871,872,Rudraksh,90000000,50000000,80000000,10000000,150000000,Disaster
872,873,Kuttey,80000000,50000000,60000000,10000000,500000000,Disaster
873,874,Khiladi 420,100000000,50000000,70000000,20000000,80000000,Flop
874,875,Do Lafzon Ki Kahani,70000000,50000000,70000000,0,110000000,Flop
875,876,Vaah! Life Ho Toh Aisi!,80000000,50000000,70000000,0,100000000,Flop
876,877,Hulchul,80000000,50000000,80000000,0,40000000,Below Average
877,878,Insaniyat,100000000,50000000,90000000,0,40000000,Below Average
878,879,Anari,100000000,50000000,100000000,0,20000000,Hit
879,880,Aarzoo,110000000,50000000,70000000,40000000,80000000,Flop
880,881,Noor,0,50000000,0,0,10000000,0
881,882,Stanley Ka Dabba,70000000,50000000,70000000,0,40000000,Below Average
882,883,Masoom,80000000,50000000,80000000,0,10000000,Hit
883,884,Yeh Dillagi,100000000,50000000,100000000,0,20000000,Hit
884,885,Aflatoon,90000000,50000000,70000000,20000000,40000000,Below Average
885,886,Bobby,290000000,50000000,100000000,190000000,10000000,Blockbuster
886,887,Mr. India,100000000,50000000,100000000,0,20000000,SuperHit
887,888,Mughal-e-Azam,100000000,50000000,100000000,0,0,All Time Blockbuster
888,889,Dil Ka Rishta,130000000,50000000,70000000,50000000,80000000,Flop
889,890,Rehnaa Hai Terre Dil Mein,100000000,50000000,80000000,10000000,50000000,Below Average
890,891,Bewafa Sanam,70000000,50000000,70000000,0,10000000,SuperHit
891,892,Yeh Hai Jalwa,90000000,50000000,70000000,10000000,70000000,Flop
892,893,Sirf Tum,100000000,50000000,90000000,10000000,20000000,Hit
893,894,Khichdi: The Movie,70000000,50000000,70000000,0,40000000,Average
894,895,Bangistan,80000000,50000000,70000000,10000000,250000000,Disaster
895,896,Style,70000000,50000000,70000000,0,20000000,Above Average
896,897,Aunty No. 1,90000000,50000000,90000000,0,40000000,Below Average
897,898,Hum Hain Rahi Pyar Ke,90000000,50000000,80000000,10000000,20000000,SuperHit
898,899,Roti Kapda Aur Makaan,100000000,50000000,100000000,0,10000000,Blockbuster
899,900,Lahu Ke Do Rang,90000000,50000000,60000000,20000000,50000000,Flop
900,901,Andaz Apna Apna,70000000,50000000,70000000,0,30000000,Average
901,902,Kyaa Dil Ne Kahaa,80000000,50000000,70000000,10000000,60000000,Below Average
902,903,Ravan Raaj: A True Story,70000000,50000000,70000000,0,20000000,Hit
903,904,Baazi,70000000,40000000,70000000,0,30000000,Below Average
904,905,Notebook,60000000,40000000,60000000,0,200000000,Flop
905,906,Indu Sarkar,60000000,40000000,60000000,0,10000000,0
906,907,Game Over,160000000,40000000,140000000,10000000,200000000,Below Average
907,908,Nil Battey Sannata,60000000,40000000,60000000,0,70000000,Flop
908,909,The Zoya Factor,80000000,40000000,60000000,10000000,300000000,Disaster
909,910,Dobaaraa,10000000,40000000,50000000,0,10000000,0
910,911,Dasara,1180000000,40000000,960000000,220000000,650000000,SuperHit
911,912,Zamana Deewana,70000000,40000000,60000000,0,40000000,Flop
912,913,Elaan,80000000,40000000,80000000,0,10000000,Hit
913,914,Tutak Tutak Tutiya,60000000,40000000,60000000,0,110000000,Flop
914,915,Helicopter Eela,70000000,40000000,50000000,10000000,150000000,Flop
915,916,Bol Radha Bol,80000000,40000000,80000000,0,20000000,Hit
916,917,Tum Bin 2,60000000,40000000,60000000,0,150000000,Flop
917,918,Khuddar,70000000,40000000,70000000,0,10000000,Above Average
918,919,Tum Bin - Love Will Find a Way,70000000,40000000,60000000,0,20000000,Average
919,920,Taarzan: The Wonder Car,60000000,40000000,50000000,0,140000000,Disaster
920,921,Junooniyat,50000000,40000000,50000000,0,110000000,Disaster
921,922,Shazam! Fury Of The Gods,11000000000,40000000,190000000,6200000000,9000000000,0
922,923,Khiladi,70000000,40000000,60000000,10000000,20000000,SuperHit
923,924,Mother India,90000000,40000000,80000000,0,10000000,All Time Blockbuster
924,925,Sanam Bewafa,80000000,40000000,80000000,0,20000000,Hit
925,926,Chandni Bar,60000000,40000000,60000000,0,10000000,Hit
926,927,Maidan-E-Jung,60000000,40000000,60000000,0,30000000,Below Average
927,928,Dil Hai Ke Manta Nahin,70000000,40000000,60000000,10000000,10000000,Hit
928,929,Dhaakad,0,40000000,40000000,0,10000000,Disaster
929,930,Kabzaa,340000000,40000000,320000000,10000000,10000000,0
930,931,Nanu Ki Jaanu,0,40000000,0,0,150000000,Flop
931,932,Jo Jeeta Wohi Sikander,60000000,30000000,50000000,10000000,20000000,Hit
932,933,No Time To Die,11000000000,30000000,190000000,11000000000,18500000000,0
933,934,Sangam,80000000,30000000,70000000,10000000,0,Blockbuster
934,935,Zamane Se Kya Darna,60000000,30000000,60000000,0,20000000,Average
935,936,Kaanchi...,50000000,30000000,50000000,0,200000000,Disaster
936,937,Janhit Mein Jaari,50000000,30000000,40000000,10000000,10000000,0
937,938,Kabhi Haan Kabhi Naa,50000000,30000000,50000000,0,10000000,Above Average
938,939,Traffic,50000000,30000000,50000000,0,90000000,Flop
939,940,Darbar,2470000000,30000000,1730000000,740000000,2000000000,Below Average
940,941,Insaaf,60000000,30000000,50000000,10000000,30000000,Flop
941,942,Jayantabhai Ki Luv Story,50000000,30000000,50000000,0,130000000,Disaster
942,943,Mitron,50000000,30000000,40000000,0,150000000,Flop
943,944,Don,70000000,30000000,70000000,0,10000000,SuperHit
944,945,Fareb,60000000,30000000,60000000,0,10000000,Hit
945,946,Masaan,40000000,30000000,40000000,0,70000000,Disaster
946,947,Gunga Jumna,100000000,30000000,60000000,40000000,0,All Time Blockbuster
947,948,Haathi Mere Saathi,60000000,30000000,60000000,0,10000000,Blockbuster
948,949,Suraj Pe Mangal Bhari,40000000,30000000,30000000,0,250000000,0
949,950,Aashiqui,50000000,30000000,40000000,0,10000000,Blockbuster
950,951,Dhokha: Round D Corner,40000000,30000000,30000000,0,200000000,0
951,952,Jalebi,40000000,30000000,40000000,0,10000000,Flop
952,953,Disco Dancer,1000000000,30000000,60000000,940000000,20000000,Hit
953,954,Seeta Aur Geeta,160000000,30000000,60000000,100000000,10000000,Blockbuster
954,955,Chehre,40000000,30000000,30000000,0,10000000,0
955,956,Laal Kaptaan,40000000,30000000,30000000,0,400000000,Disaster
956,957,Udaan,40000000,30000000,40000000,0,40000000,Flop
957,958,Kuch Kuch Locha Hai,40000000,30000000,40000000,0,130000000,Disaster
958,959,Kaafila,40000000,30000000,30000000,0,150000000,Disaster
959,960,Buddha Mar Gaya,50000000,30000000,40000000,10000000,40000000,Flop
960,961,One Night Stand,40000000,30000000,40000000,0,150000000,Disaster
961,962,Zaalim,50000000,30000000,50000000,0,10000000,Average
962,963,Chori Chori,50000000,30000000,40000000,10000000,60000000,Flop
963,964,Pihu,30000000,30000000,30000000,0,20000000,Above Average
964,965,Zanjeer,60000000,30000000,60000000,0,10000000,Blockbuster
965,966,Waqt,60000000,20000000,50000000,0,10000000,Blockbuster
966,967,The Batman,19000000000,20000000,430000000,9000000000,10000000,Average
967,968,Hum Hain Bemisaal,40000000,20000000,40000000,0,20000000,Flop
968,969,Mere Mehboob,50000000,20000000,50000000,0,0,Blockbuster
969,970,Angaaray,50000000,20000000,30000000,10000000,30000000,Flop
970,971,Qayamat Se Qayamat Tak,50000000,20000000,40000000,10000000,10000000,SuperHit
971,972,Waiting,30000000,20000000,30000000,0,70000000,Disaster
972,973,Mili,30000000,20000000,30000000,0,100000000,0
973,974,Malaal,30000000,20000000,30000000,0,100000000,Disaster
974,975,Laila Majnu,30000000,20000000,30000000,0,100000000,Flop
975,976,Manto,30000000,20000000,30000000,0,100000000,Disaster
976,977,Phool Aur Paththar,140000000,20000000,50000000,90000000,0,Blockbuster
977,978,The Body,30000000,20000000,30000000,0,300000000,Disaster
978,979,Master,2230000000,20000000,1780000000,440000000,1350000000,Blockbuster
979,980,Aggar,90000000,20000000,80000000,10000000,10000000,0
980,981,Jai Kishen,40000000,20000000,40000000,0,20000000,Average
981,982,Phobia,30000000,20000000,30000000,0,80000000,Disaster
982,983,Mard Ko Dard Nahi Hota,30000000,20000000,30000000,0,210000000,Disaster
983,984,Aligarh,30000000,20000000,30000000,0,110000000,Disaster
984,985,Bhangra Paa Le,20000000,20000000,20000000,0,80000000,0
985,986,Fantastic Beasts: The Secrets of Dumbledore,0,20000000,110000000,0,10000000,Average
986,987,Salaam Venky,30000000,20000000,20000000,0,150000000,0
987,988,Uncharted,11000000000,20000000,100000000,6700000000,9000000000,Flop
988,989,Pailwaan,520000000,20000000,480000000,40000000,400000000,Average
989,990,Gandhi Godse Ek Yudh,0,20000000,0,0,10000000,0
990,991,Mere Jeevan Saathi,30000000,20000000,30000000,0,110000000,Disaster
991,992,Shabaash Mithu,10000000,20000000,20000000,0,10000000,0
992,993,Bheed,20000000,20000000,20000000,0,10000000,0
993,994,Jai Mummy Di,30000000,20000000,20000000,0,200000000,0
994,995,Love Sonia,30000000,20000000,30000000,0,150000000,Flop
995,996,Nikamma,0,20000000,20000000,0,10000000,0
996,997,Saugandh,30000000,20000000,30000000,0,20000000,Average
997,998,Akaash Vani,30000000,20000000,20000000,0,100000000,Disaster
998,999,Zwigato,10000000,20000000,10000000,0,10000000,0
999,1000,FryDay,20000000,20000000,20000000,0,150000000,Disaster
